rank,geo,country,nuts1_name,ai_literacy_gap_index,baseline_score,pillars_available,P1_norm,P2_norm,P3_norm,P4_norm,P5_norm,P6_norm,cluster_id,cluster_label
1,ITG,Italy,Isole,0.7277838367414436,0.7221208875304423,6,0.6508264462809918,0.9711310056841695,0.74859287054409,0.8567567567567568,0.3538011695906433,0.7516170763260026,2,High Poverty & Low Education
2,ITF,Italy,Sud,0.6976047975917429,0.6913779984983264,6,0.7171143250688705,0.8692206005695349,0.6772983114446529,0.8513513513513513,0.3508771929824562,0.6824062095730918,2,High Poverty & Low Education
3,FRY,France,RUP FR — Régions Ultrapériphériques Françaises,0.6845786344633648,0.668190296251913,6,0.6053719008264463,1.0,0.6566604127579737,0.8405405405405406,0.7222222222222224,0.1843467011642949,2,High Poverty & Low Education
4,BG3,Bulgaria,Severna i Yugoiztochna Bulgaria,0.6491288105213792,0.6482444462341084,6,0.8605371900826446,0.7173673542701532,0.2420262664165103,0.9189189189189187,0.3362573099415205,0.814359637774903,0,Low Digital Skills
5,RO2,Romania,Macroregiunea Doi,0.6481297822192594,0.6395893784033561,6,0.934228650137741,0.7437977920720237,0.425891181988743,0.827027027027027,0.4415204678362573,0.4650711513583441,0,Low Digital Skills
6,EL6,Greece,Kentriki Elláda,0.6348899735682498,0.6319843615463409,6,0.7332988980716253,0.6679776944733198,0.4052532833020638,0.9891891891891892,0.1578947368421052,0.8382923673997412,0,Low Digital Skills
7,PT3,Portugal,Região Autónoma da Madeira,0.6146713810954015,0.6114724603912742,5,0.6291322314049586,0.3172455952057219,0.849906191369606,0.7216216216216216,,0.539456662354463,2,High Poverty & Low Education
8,FRM,France,Corse,0.5982551108873134,0.6008755986747146,5,0.3073347107438018,0.5823151669424532,0.3583489681050656,0.9297297297297296,,0.8266494178525227,1,Ageing Workforce
9,RO4,Romania,Macroregiunea Patru,0.5969374082789493,0.5899495671481955,6,1.0,0.578955857296249,0.2570356472795497,0.9135135135135136,0.2339181286549708,0.55627425614489,0,Low Digital Skills
10,RO1,Romania,Macroregiunea Unu,0.5946889386864822,0.5868357044213759,6,0.9521349862258952,0.4935906550351478,0.3208255159474671,0.8837837837837837,0.4385964912280702,0.4320827943078915,0,Low Digital Skills
11,DE8,Germany,Mecklenburg-Vorpommern,0.586136596956687,0.5970196440745383,5,0.7059228650137741,0.3499702336917381,0.0712945590994371,0.8837837837837837,,0.9741267787839588,0,Low Digital Skills
12,ES6,Spain,Sur,0.5846919759578488,0.5750354682302631,6,0.3770661157024791,0.7750419500539271,0.726078799249531,0.7108108108108109,0.4912280701754385,0.369987063389392,2,High Poverty & Low Education
13,EL5,Greece,Voreia Elláda,0.5744778598159485,0.5714071987296553,6,0.4795110192837465,0.6796810925288009,0.3114446529080675,0.954054054054054,0.2573099415204679,0.7464424320827944,0,Low Digital Skills
14,DEE,Germany,Sachsen-Anhalt,0.569076490846569,0.5760019895050648,6,0.7236570247933884,0.4350542937553803,0.1069418386491557,0.8891891891891892,0.3011695906432749,1.0,0,Low Digital Skills
15,ES4,Spain,Centro (ES),0.5686962133318408,0.5676823551219069,6,0.3956611570247934,0.5974021195832063,0.6885553470919324,0.6918918918918919,0.3391812865497076,0.6934023285899096,2,High Poverty & Low Education
16,PT2,Portugal,Região Autónoma dos Açores,0.5254278332448927,0.5114300164616453,6,0.5547520661157024,0.3532426975403397,1.0,0.8027027027027027,0.0409356725146199,0.3169469598965072,2,High Poverty & Low Education
17,ES7,Spain,Canarias,0.5231746905872059,0.513231703911293,6,0.3226584022038566,0.6673992270060954,0.6172607879924953,0.7351351351351352,0.4005847953216375,0.3363518758085382,2,High Poverty & Low Education
18,HU3,Hungary,Alföld és Észak,0.5167482807546853,0.5122548874979095,6,0.5953856749311295,0.5609198017231696,0.2514071294559099,0.8027027027027027,0.3391812865497076,0.5239327296248383,0,Low Digital Skills
19,EL3,Greece,Attiki,0.5090348996952643,0.5069877721514782,6,0.5969352617079889,0.4186919745123721,0.1181988742964352,0.9027027027027028,0.4064327485380117,0.5989650711513583,0,Low Digital Skills
20,BG4,Bulgaria,Yugozapadna i Yuzhna tsentralna Bulgaria,0.5082711965518384,0.503602924340505,6,0.7591253443526171,0.481820029882227,0.123827392120075,0.927027027027027,0.1140350877192982,0.6157826649417854,0,Low Digital Skills
21,ES1,Spain,Noroeste,0.5037626878421356,0.5099614366105184,6,0.3868801652892562,0.3588799419217207,0.5046904315196998,0.6837837837837838,0.2251461988304094,0.9003880983182406,1,Ageing Workforce
22,EL4,Greece,"Nisia Aigaiou, Kriti",0.5010940896105825,0.4932563570409249,6,0.5270316804407713,0.3851622183878505,0.3958724202626641,1.0,0.0964912280701754,0.554980595084088,0,Low Digital Skills
23,PL8,Poland,Makroregion wschodni,0.4977904969400759,0.4965882065420509,5,0.7472451790633607,0.279698178970015,0.0431519699812382,0.8675675675675676,,0.5452781371280726,0,Low Digital Skills
24,PL7,Poland,Makroregion centralny,0.4970165656875744,0.5001115176130704,5,0.6821625344352618,0.2259293944241409,0.0469043151969981,0.8702702702702703,,0.6752910737386805,0,Low Digital Skills
25,SK0,Slovakia,Slovensko,0.4875371028964766,0.4881950797867146,6,0.5442493112947657,0.1927645738900751,0.048780487804878,0.7675675675675675,1.0,0.3758085381630013,4,Low-Skill Unemployment
26,LV0,Latvia,Latvija,0.4834533037900025,0.4821742946166733,6,0.6325757575757576,0.4546890768469899,0.099437148217636,0.7810810810810811,0.3508771929824562,0.5743855109961191,0,Low Digital Skills
27,RO3,Romania,Macroregiunea Trei,0.4762375460531476,0.4739888884656851,6,0.8135330578512396,0.3415512828802642,0.2063789868667917,0.664864864864865,0.3596491228070175,0.4579560155239328,0,Low Digital Skills
28,LT0,Lithuania,Lietuva,0.4750304730325275,0.4726510014461733,6,0.5401170798898072,0.5091057770606631,0.0150093808630394,0.8081081081081081,0.4532163742690059,0.5103492884864165,0,Low Digital Skills
29,DE4,Germany,Brandenburg,0.4746618771681877,0.4794282227875051,6,0.4035812672176309,0.2877934205683073,0.123827392120075,0.9162162162162162,0.2719298245614036,0.8732212160413971,1,Ageing Workforce
30,ITI,Italy,Centro (IT),0.4715505192589684,0.4734825369044733,6,0.487431129476584,0.2518780904447967,0.4521575984990619,0.7891891891891892,0.0614035087719298,0.7988357050452781,1,Ageing Workforce
31,DED,Germany,Sachsen,0.4713128600134276,0.4793484808104192,6,0.3989325068870524,0.2932552984753144,0.0581613508442776,0.8378378378378378,0.3713450292397661,0.9165588615782664,1,Ageing Workforce
32,FRC,France,Bourgogne-Franche-Comté,0.4679152046214401,0.4725254685400671,6,0.4581611570247933,0.3002186127226485,0.273921200750469,0.7297297297297297,0.2923976608187135,0.7807244501940491,1,Ageing Workforce
33,PT1,Portugal,Continente,0.4525214942830279,0.4552945433273851,6,0.4404269972451791,0.2505674474254614,0.5891181988742964,0.6243243243243244,0.0789473684210526,0.7483829236739974,1,Ageing Workforce
34,ES5,Spain,Este,0.4495454124163341,0.4449082124643166,6,0.2787534435261708,0.4393331456610256,0.5909943714821763,0.6297297297297297,0.2953216374269006,0.4353169469598964,2,High Poverty & Low Education
35,FRE,France,Hauts-de-France,0.4487893747525687,0.4456344582890689,6,0.4209710743801653,0.4451364398070901,0.2514071294559099,0.7189189189189189,0.368421052631579,0.4689521345407502,3,Broadly Resilient
36,FRJ,France,Occitanie,0.4482337349236011,0.4530910904229727,6,0.3288567493112949,0.4404895081222628,0.1857410881801125,0.654054054054054,0.3771929824561404,0.7322121604139715,1,Ageing Workforce
37,DE7,Germany,Hessen,0.4435152069869554,0.4395088464063922,6,0.5631887052341598,0.3739962796848372,0.2439024390243901,0.8162162162162162,0.0789473684210526,0.5608020698576973,0,Low Digital Skills
38,DEA,Germany,Nordrhein-Westfalen,0.441873582734061,0.4385885278628534,6,0.3657024793388429,0.4322106212971188,0.273921200750469,0.8216216216216217,0.152046783625731,0.5860284605433377,1,Ageing Workforce
39,ITC,Italy,Nord-Ovest,0.4415108287654667,0.4439474933520183,6,0.4275137741046831,0.1145225364147013,0.5084427767354597,0.7837837837837838,0.0409356725146199,0.7884864165588616,1,Ageing Workforce
40,FRL,France,Provence-Alpes-Côte d’Azur,0.4372596209142224,0.4414491821594978,6,0.3040633608815426,0.3237905229029251,0.2626641651031894,0.7324324324324325,0.2573099415204679,0.7684346701164296,1,Ageing Workforce
41,DE9,Germany,Niedersachsen,0.4354197644727905,0.4339569694548124,6,0.3507231404958678,0.3966099047192886,0.2382739212007504,0.8378378378378378,0.1198830409356725,0.6604139715394567,1,Ageing Workforce
42,BE3,Belgium,Région wallonne,0.4321862900829701,0.4301508712317611,6,0.4349173553719009,0.3009733252017953,0.2908067542213883,0.6972972972972973,0.3976608187134503,0.4592496765847348,3,Broadly Resilient
43,DEF,Germany,Schleswig-Holstein,0.4317083668404515,0.4322220454251732,6,0.3577823691460056,0.3303354506001283,0.2082551594746716,0.8405405405405406,0.1461988304093567,0.7102199223803363,1,Ageing Workforce
44,FRF,France,Grand Est,0.4284958902856155,0.4288483998114549,6,0.4056473829201102,0.2996092393611249,0.2495309568480299,0.7432432432432432,0.2631578947368421,0.611901681759379,1,Ageing Workforce
45,PL6,Poland,Makroregion północny,0.426031104622965,0.4219921501593478,6,0.6635674931129476,0.270094666118931,0.0619136960600375,0.8540540540540541,0.195906432748538,0.4864165588615783,0,Low Digital Skills
46,HR0,Croatia,Hrvatska,0.4256148450665218,0.4245070388677029,6,0.3751721763085398,0.3245799803643849,0.1125703564727955,0.9135135135135136,0.1549707602339181,0.666235446313066,1,Ageing Workforce
47,FRD,France,Normandie,0.4232496059320002,0.4274397686432725,6,0.3904958677685949,0.2140068785051911,0.2176360225140712,0.7135135135135136,0.3304093567251462,0.6985769728331177,1,Ageing Workforce
48,BE1,Belgium,Région de Bruxelles-Capitale/Brussels Hoofdstedelijk Gewest,0.417656412419946,0.4067881493639544,6,0.3440082644628099,0.7459383593725343,0.273921200750469,0.4540540540540541,0.6228070175438597,0.0,4,Low-Skill Unemployment
49,HU2,Hungary,Dunántúl,0.4157477433501054,0.4141844202092796,6,0.543904958677686,0.1538896144025291,0.174484052532833,0.8594594594594595,0.1725146198830409,0.5808538163001293,1,Ageing Workforce
50,DE2,Germany,Bayern,0.4123518983949165,0.4093298431289154,6,0.6451446280991735,0.1690269274805232,0.1425891181988742,0.8675675675675676,0.0760233918128655,0.555627425614489,0,Low Digital Skills
51,FRI,France,Nouvelle-Aquitaine,0.4102917902603794,0.4181536045779665,6,0.3397038567493113,0.2775570274014763,0.1782363977485928,0.6405405405405405,0.2397660818713451,0.8331177231565331,1,Ageing Workforce
52,PL4,Poland,Makroregion północno-zachodni,0.4102153210720541,0.4060549594897551,6,0.6294765840220385,0.1688008550313372,0.0412757973733583,0.9216216216216216,0.1842105263157895,0.4909443725743854,0,Low Digital Skills
53,ES2,Spain,Noreste,0.4082404992763815,0.4115659457436165,6,0.3285123966942148,0.1974781308548385,0.4315196998123827,0.6081081081081081,0.2485380116959064,0.6552393272962485,1,Ageing Workforce
54,ITH,Italy,Nord-Est,0.4068350915208099,0.4105117653051746,6,0.4385330578512396,0.0160331287824585,0.4784240150093808,0.7324324324324325,0.0233918128654971,0.7742561448900389,1,Ageing Workforce
55,DE6,Germany,Hamburg,0.4014121609116004,0.3933495704783338,6,0.3870523415977962,0.4252369022095754,0.2120075046904314,0.7810810810810811,0.2280701754385965,0.3266494178525226,3,Broadly Resilient
56,PL2,Poland,Makroregion południowy,0.3964285257210543,0.3961035544377901,5,0.537362258953168,0.0445155333822858,0.0093808630393996,0.8756756756756756,,0.5135834411384217,3,Broadly Resilient
57,DE3,Germany,Berlin,0.3963287442449788,0.3903333953062315,6,0.2744490358126721,0.4448716853011851,0.2195121951219512,0.7675675675675675,0.2339181286549708,0.4016817593790426,3,Broadly Resilient
58,PL5,Poland,Makroregion południowo-zachodni,0.3810429042365318,0.3828917507582374,6,0.5426997245179064,0.0167277777303612,0.0318949343339587,0.8162162162162162,0.3070175438596491,0.5827943078913325,3,Broadly Resilient
59,FRB,France,Centre — Val de Loire,0.3733321719361582,0.3791926550351234,6,0.3829201101928373,0.1405325473812343,0.1819887429643527,0.6513513513513514,0.1842105263157895,0.7341526520051747,1,Ageing Workforce
60,EE0,Estonia,Eesti,0.3727948639116236,0.3767312340391043,6,0.3899793388429751,0.359787625237543,0.1313320825515947,0.4459459459459459,0.4210526315789474,0.5122897800776197,4,Low-Skill Unemployment
61,DE1,Germany,Baden-Württemberg,0.3722411845930647,0.3693213387323034,6,0.3106060606060608,0.2401913342265502,0.2045028142589118,0.8351351351351352,0.0730994152046783,0.552393272962484,3,Broadly Resilient
62,AT2,Austria,Südösterreich,0.3717507556452362,0.3745825215886681,6,0.2698002754820937,0.2881834345243966,0.1444652908067542,0.664864864864865,0.2514619883040936,0.628719275549806,3,Broadly Resilient
63,FRG,France,Pays de la Loire,0.3676524789021017,0.3716458111504325,6,0.309573002754821,0.160167330472844,0.2045028142589118,0.6351351351351351,0.2982456140350878,0.6222509702457956,3,Broadly Resilient
64,ES3,Spain,Comunidad de Madrid,0.3670904099634995,0.3627944328680657,6,0.2279614325068869,0.2812484928711039,0.424015009380863,0.6351351351351351,0.2280701754385965,0.3803363518758086,3,Broadly Resilient
65,SE3,Sweden,Norra Sverige,0.3647995005781736,0.3820521118482907,6,0.3140495867768594,0.2439973538763247,0.1313320825515947,0.1567567567567568,0.6842105263157895,0.7619663648124192,4,Low-Skill Unemployment
66,AT1,Austria,Ostösterreich,0.3630711640967747,0.3610927420536447,6,0.2499999999999999,0.3487273445194642,0.2045028142589118,0.618918918918919,0.3362573099415205,0.4081500646830531,3,Broadly Resilient
67,FRK,France,Auvergne-Rhône-Alpes,0.3629035109005576,0.3649142556780056,6,0.2728994490358128,0.2592595789438266,0.172607879924953,0.6243243243243244,0.3099415204678363,0.5504527813712807,3,Broadly Resilient
68,FRH,France,Bretagne,0.3565216213886524,0.3636628136833896,6,0.2982093663911846,0.1307151558354295,0.1069418386491557,0.654054054054054,0.2456140350877193,0.7464424320827944,1,Ageing Workforce
69,SI0,Slovenia,Slovenija,0.3514002060315532,0.3558978141804713,6,0.6658057851239669,0.1537625035744078,0.1369606003752345,0.472972972972973,0.1140350877192982,0.5918499353169471,3,Broadly Resilient
70,CY0,Cyprus,Kýpros,0.3487644225732652,0.341768709049655,6,0.5065426997245179,0.2059818243532668,0.1819887429643527,0.7648648648648648,0.0497076023391813,0.3415265200517464,3,Broadly Resilient
71,MT0,Malta,Malta,0.3403829214169058,0.3346256422980407,6,0.3162878787878789,0.281248492871104,0.50093808630394,0.5567567567567568,0.0,0.3525226390685641,3,Broadly Resilient
72,FR1,France,Ile-de-France,0.322073762289898,0.3155643164128131,6,0.2424242424242424,0.3303354506001283,0.2176360225140712,0.6027027027027028,0.2777777777777778,0.222509702457956,3,Broadly Resilient
73,BE2,Belgium,Vlaams Gewest,0.3216186669706233,0.3254786351488112,6,0.4127066115702479,0.0211773439629599,0.1688555347091932,0.5810810810810811,0.2076023391812865,0.5614489003880985,3,Broadly Resilient
74,AT3,Austria,Westösterreich,0.3173695975322754,0.3158760763362674,6,0.28116391184573,0.1275045141755088,0.1801125703564727,0.6918918918918919,0.1637426900584795,0.4508408796895214,3,Broadly Resilient
75,FI1,Finland,Manner-Suomi,0.3169829577096727,0.3294951690397589,6,0.0721418732782368,0.192608036311862,0.1425891181988742,0.3297297297297297,0.5555555555555556,0.684346701164295,4,Low-Skill Unemployment
76,LU0,Luxembourg,Luxembourg,0.3166235292961398,0.3076991175278075,6,0.3920454545454545,0.2419789266878846,0.2495309568480299,0.618918918918919,0.1988304093567252,0.1448900388098318,3,Broadly Resilient
77,PL9,Poland,Makroregion województwo mazowieckie,0.315053578660473,0.3148624879516918,5,0.4161501377410469,0.0,0.0,0.7351351351351352,,0.4230271668822769,3,Broadly Resilient
78,CZ0,Czechia,Česko,0.3134701037896149,0.3138700743667655,6,0.2534435261707989,0.0241214778110727,0.0412757973733583,0.7891891891891892,0.2777777777777778,0.4974126778783959,3,Broadly Resilient
79,SE2,Sweden,Södra Sverige,0.3068405672025542,0.3195275118109992,6,0.2518939393939393,0.2503775067874596,0.1538461538461538,0.0756756756756755,0.6549707602339182,0.5304010349288487,4,Low-Skill Unemployment
80,HU1,Hungary,Közép-Magyarország,0.295011458576815,0.2932102305078928,6,0.2815082644628101,0.0732450823678649,0.0412757973733583,0.754054054054054,0.1842105263157895,0.4249676584734799,3,Broadly Resilient
81,SE1,Sweden,Östra Sverige,0.2771902599460988,0.287671717699109,6,0.2496556473829201,0.2665869645413294,0.1332082551594746,0.0,0.6988304093567252,0.3777490297542043,4,Low-Skill Unemployment
82,NL1,Netherlands,Noord-Nederland,0.2725973497099679,0.2793908650326115,6,0.0714531680440772,0.2024561131362788,0.2682926829268292,0.4081081081081081,0.0643274853801169,0.6617076326002587,3,Broadly Resilient
83,NL4,Netherlands,Zuid-Nederland,0.265172518532446,0.2709771688454452,6,0.078684573002755,0.1243545593139335,0.3358348968105066,0.4297297297297298,0.0175438596491228,0.6397153945666235,3,Broadly Resilient
84,IE0,Ireland,Ireland,0.2497292735261517,0.2412971305212769,6,0.0404614325068871,0.2617694662866254,0.1125703564727955,0.6945945945945946,0.1637426900584795,0.1746442432082794,3,Broadly Resilient
85,DK0,Denmark,Danmark,0.2428037738436938,0.2492853881684482,6,0.0640495867768594,0.2320558248987744,0.2345215759849906,0.2513513513513513,0.2046783625730994,0.5090556274256145,3,Broadly Resilient
86,NL2,Netherlands,Oost-Nederland,0.2254835847857109,0.2292478190949829,6,0.0160123966942149,0.1226140808074961,0.2795497185741088,0.4054054054054054,0.0350877192982456,0.5168175937904269,3,Broadly Resilient
87,NL3,Netherlands,West-Nederland,0.2163311862532048,0.2181890447132939,6,0.0,0.1933541078829105,0.2607879924953095,0.3594594594594594,0.0847953216374269,0.4107373868046571,3,Broadly Resilient
